Job Title,Male Average Pay,Female Average Pay,Discrimination	
"ACCOUNT CLERK",61260.80,62376.08,False	
"ACCOUNTANT",62734.12,55264.84,True	
"ACCOUNTANT I",96612.98,73970.87,True	
"ACCOUNTANT II",94413.91,97443.14,False	
"ACCOUNTANT III",106715.69,111784.57,False	
"ACCOUNTANT INTERN",60813.87,54818.00,True	
"ACCOUNTANT IV",117146.98,124484.96,False	
"ADMIN HEARING EXAMINER",81028.19,66443.95,True	
"ADMINISTRATIVE ANALYST",92256.40,90919.99,False	
"ADMINISTRATIVE ANALYST II",14857.64,69929.39,False	
"ADMINISTRATIVE ENGINEER",153280.85,167156.40,False	
"ADMINISTRATIVE SERVICES MANAGER",92002.00,69522.37,True	
"ADMINISTRATIVE SERVICES MGR",131502.06,121614.69,True	
"ADMISSION ATTENDANT",36453.29,49791.58,False	
"AFFIRMATIVE ACTION SPECIALIST",79696.00,63202.96,True	
"AIRPORT COMMUNICATIONS DISP",116566.25,111597.79,False	
"AIRPORT COMMUNICATIONS OPERATOR",75877.08,81866.57,False	
"AIRPORT ECONOMIC PLANNER",143054.19,143339.08,False	
"AIRPORT ELECTRICIAN",137885.66,137006.78,False	
"AIRPORT NOISE ABATEMENT SPEC",101266.05,95786.80,True	
"AIRPORT NOISE ABATEMENT SPECIALIST",36357.60,62636.85,False	
"AIRPORT OPERATIONS SUPERVISOR",129074.24,117943.17,True	
"AIRPORT POLICE SERVICES AIDE",62325.20,59374.75,False	
"AIRPORT PROPERTY SPECIALIST 1",92599.41,130095.68,False	
"AIRPORT PROPERTY SPECIALIST I",60020.44,83397.03,False	
"AIRPORT SAFETY OFFICER",108191.41,103286.15,False	
"ANESTHETIST",214148.71,188569.00,True	
"ANIMAL CARE ATTENDANT",62000.46,59341.83,False	
"ANIMAL CONTROL OFFICER",76590.68,63839.32,True	
"ANIMAL KEEPER",84840.01,84303.23,False	
"APPRENTICE GARDENER",38838.68,36380.98,False	
"APPRENTICE STATIONARY ENGINEER",90473.51,85203.96,True	
"APPRENTICE STATIONARY ENGINEER, SEWAGE PLANT",67295.06,79650.70,False	
"APPRENTICE STATIONARY ENGINEER,WATER TREATMENT PLN",52585.50,91239.34,False	
"APRNTC STATNRY ENG, SEW PLANT",89643.19,118236.81,False	
"APRNTCSTATNRY ENG,WTRTREATPLNT",109703.31,98796.80,True	
"AQUATICS FACILITY ASST SUPV",65451.35,65495.68,False	
"AQUATICS FACILITY SUPERVISOR",102601.36,101942.50,False	
"ARBORIST TECHNICIAN SUPERVISOR",119668.99,121740.09,False	
"ARCHITECT",147260.83,135162.50,True	
"ARCHITECTURAL ADMINISTRATOR",139184.68,134344.23,False	
"ARCHITECTURAL ASSISTANT  I",73276.22,59214.77,True	
"ARCHITECTURAL ASSISTANT 1",89187.85,77888.57,True	
"ARCHITECTURAL ASSISTANT 2",108217.36,92818.58,True	
"ARCHITECTURAL ASSISTANT II",69399.70,56292.46,True	
"ARCHITECTURAL ASSOCIATE  I",89160.85,83691.76,True	
"ARCHITECTURAL ASSOCIATE 1",128032.08,153700.07,False	
"ARCHITECTURAL ASSOCIATE 2",148899.53,159032.69,False	
"ARCHITECTURAL ASSOCIATE II",99821.78,96932.09,False	
"ARTS PROGRAM ASSISTANT",47037.43,62004.91,False	
"ASPHALT FINISHER",79933.45,93770.56,False	
"ASPHALT FINISHER SUPERVISOR 1",111203.31,129586.75,False	
"ASPHALT WORKER",64339.80,54877.75,True	
"ASR SENIOR OFFICE SPECIALIST",92528.35,89109.00,False	
"ASR-OFFICE ASSISTANT",63717.60,64821.44,False	
"ASSESSMENT CLERK",60138.83,45797.11,True	
"ASSESSOR",195402.56,231538.98,False	
"ASSISTANT CHIEF ATTORNEY 1",243057.84,222035.74,True	
"ASSISTANT CHIEF ATTORNEY 2",266573.04,246013.39,True	
"ASSISTANT CHIEF ATTORNEY I",185368.79,164141.48,True	
"ASSISTANT CHIEF ATTORNEY II",183471.11,192455.90,False	
"ASSISTANT CHIEF DISTRICT ATTORNEY'S INVESTIGATOR",118168.87,117351.03,False	
"ASSISTANT CHIEF VICTIM/WITNESS INVESTIGATOR",87694.22,87425.87,False	
"ASSISTANT CLERK, BOARD OF SUPERVISORS",92104.84,89451.94,False	
"ASSISTANT CONST INSPECTOR",91225.61,93424.12,False	
"ASSISTANT COOK",51607.03,48643.55,False	
"ASSISTANT DEPUTY CHIEF II",235149.87,203023.05,True	
"ASSISTANT ENGINEER",85504.37,81335.28,False	
"ASSISTANT FORENSIC TOXICOLOGIST I",98563.72,98531.98,False	
"ASSISTANT GENERAL SERVICES MANAGER",65932.75,53377.62,True	
"ASSISTANT HEALTH EDUCATOR",100274.12,81481.15,True	
"ASSISTANT INSPECTOR 2",203515.43,197688.67,True	
"ASSISTANT INSPECTOR 3",211662.31,181242.97,True	
"ASSISTANT INSPECTOR II (POLICE DEPARTMENT)",152862.27,146284.24,True	
"ASSISTANT INSPECTOR III (POLICE DEPARTMENT)",155143.07,145819.04,True	
"ASSISTANT MATERIALS COORDINATOR",65023.92,38440.25,True	
"ASSISTANT MEDICAL EXAMINER",120727.06,274170.58,False	
"ASSISTANT PURCHASER",68383.58,77810.34,False	
"ASSISTANT RECREATION DIRECTOR",26816.46,12476.60,True	
"ASSISTANT RENTAL MANAGER, PORT",71273.35,94005.71,False	
"ASSISTANT RETIREMENT ANALYST",88428.70,93363.36,False	
"ASSISTANT SHERIFF",188281.73,15445.71,True	
"ASSISTANT STOREKEEPER",65987.14,73138.96,False	
"ASSOC ENGINEER",146028.34,145821.14,False	
"ASSOCIATE AUDITOR",81875.53,72290.79,True	
"ASSOCIATE ENGINEER",101553.14,104588.92,False	
"ASSOCIATE MUSEUM REGISTRAR",58324.11,49776.16,True	
"ASSOCIATE PERFORMANCE AUDITOR",65452.43,52162.66,True	
"ASST CHF DIST ATTY'S INVSTGTOR",155396.60,170379.12,False	
"ASST CHF VICTIM/WIT INVSTGTOR",131288.80,112432.23,True	
"ASST CLK, BOARD OF SUPERVISORS",128913.72,126587.65,False	
"ASST ENGR",122789.53,114667.14,True	
"ASST FORENSIC TOXICOLOGIST 1",150340.54,99604.66,True	
"ASST GENERAL SERVICES MANAGER",102279.24,102893.52,False	
"ASST MATERIALS COORDINATOR",121779.51,120332.86,False	
"ASST MED EXAMINER",190083.49,352683.25,False	
"ATTORNEY (CIVIL/CRIMINAL)",173341.53,166197.79,True	
"ATTORNEY, TAX COLLECTOR",134635.71,198091.20,False	
"AUDIOLOGIST",124333.97,95341.56,True	
"AUDITOR I",50096.25,62961.39,False	
"AUDITOR II",98413.67,94793.68,False	
"AUDITOR III",137752.26,106535.07,True	
"AUTOMOTIVE MECHANIC",112807.95,114667.95,False	
"AUTOMOTIVE SERVICE WORKER",91737.92,104497.81,False	
"BACTERIOLOGICAL LABORATORY ASSISTANT",42083.60,57013.62,False	
"BATTALION CHIEF, (FIRE DEPARTMENT)",226684.56,163549.52,True	
"BATTALION CHIEF, FIRE SUPPRESS",307299.03,281327.36,True	
"BATTLION CHIEF, FIRE SUPPRESSI",269135.88,240278.84,True	
"BENEFITS ANALYST",44671.75,82173.06,False	
"BENEFITS SUPERVISOR",132226.16,94734.68,True	
"BENEFITS TECHNICIAN",68803.56,69697.06,False	
"BIOLOGIST",111264.38,110736.46,False	
"BIOLOGIST I/II",108594.75,107069.20,False	
"BIOLOGIST III",137731.09,119484.49,True	
"BLDG & GROUNDS PATROL OFFICER",68549.30,72562.43,False	
"BLDGS & GROUNDS MAINT SUPT",164834.35,166248.99,False	
"BOOK REPAIRER",74293.12,72276.32,False	
"BRD COMM MBR, M=$200/MTG",11224.55,10361.30,False	
"BUILDING AND GROUNDS PATROL OFFICER",46233.98,47338.72,False	
"BUILDING INSPECTOR",127570.75,129956.06,False	
"BUILDINGS AND GROUNDS MAINTENANCE SUPERINTENDENT",124829.32,119133.30,True	
"CABLE SPLICER",97387.17,123974.07,False	
"CAPT,FIRE PREV OR FIRE INVSGTN",254981.72,257457.58,False	
"CAPTAIN 3",263314.96,253892.56,True	
"CAPTAIN III (POLICE DEPARTMENT)",214944.03,203107.47,True	
"CAPTAIN, EMERGENCY MED SVCS",245490.37,227104.60,True	
"CAPTAIN, EMERGENCYCY MEDICAL SERVICES",177525.56,158251.94,True	
"CAPTAIN, FIRE SUPPRESSION",235034.39,216884.99,True	
"CARPENTER",97357.79,108579.49,False	
"CARPENTER SUPERVISOR 1",136609.62,139061.84,False	
"CARPENTER SUPERVISOR I",96959.15,104145.40,False	
"CASHIER 1",54992.97,46996.31,True	
"CASHIER 2",64651.06,76330.52,False	
"CASHIER I",31266.52,30346.75,False	
"CASHIER II",45402.44,43248.17,False	
"CEMENT FINISHER SUPERVISOR 1",136396.37,108926.21,True	
"CEMENT MASON",83504.68,83105.83,False	
"CENTRAL PROCESSING & DIST TECH",86131.17,96391.69,False	
"CENTRAL PROCESSING AND DISTRIBUTION TECHNICIAN",55825.67,71186.74,False	
"CFDNTAL CHF ATTY 2,(CVL&CRMNL)",288934.21,275605.96,True	
"CHEF",81039.77,18516.54,True	
"CHEMIST",96841.18,115703.74,False	
"CHEMIST I/II",89291.49,96828.92,False	
"CHEMIST III",130719.02,137648.91,False	
"CHF PAYROLL & PERSONNEL CLERK",123847.56,127292.93,False	
"CHF STATIONARY ENG, SEW PLANT",156344.07,141177.60,True	
"CHIEF ATTORNEY I (CIVIL & CRIMINAL)",182384.90,129600.20,True	
"CHIEF ATTY1 (CIVIL & CRIMINAL)",265197.06,242036.59,True	
"CHIEF CLERK",93221.85,88093.99,True	
"CHIEF DEPUTY ADLT PROBATION OF",15335.05,69988.84,False	
"CHIEF DEPUTY ADULT PROBATION OFFICER",71545.65,41117.10,True	
"CHIEF DEPUTY SHERIFF",223437.39,186824.66,True	
"CHIEF PAYROLL AND PERSONNEL CLERK",73636.96,73814.17,False	
"CHIEF PREPARATOR",43460.53,78184.72,False	
"CHIEF STATIONARY ENGINEER",139572.22,123435.48,True	
"CHIEF STATIONARY ENGINEER, SEWAGE PLANT",105958.40,110170.82,False	
"CHIEF SURVEYOR",126871.46,147639.91,False	
"CHILD CARE SPECIALIST",61546.44,43976.90,True	
"CHILD SUPPORT OFFICER II",93318.54,88347.81,False	
"CHILD SUPPORT OFFICER III",112747.91,92758.56,True	
"CITIZENS COMPLAINT OFFICER",84497.11,78252.20,True	
"CITY PLANNING INTERN",11514.65,16569.70,False	
"CIVIL ENGINEERING ASSISTANT",59800.74,68263.03,False	
"CIVIL ENGINEERING ASSOCIATE I",70586.63,73307.61,False	
"CLAIMS ADJUSTER",140860.16,129670.63,True	
"CLAIMS INVESTIGATOR",112138.55,135342.45,False	
"CLAIMS INVESTIGATOR CITY ATTORNEYS OFFICE",70719.42,87275.85,False	
"CLAIMS INVESTIGATOR, CA",117363.99,113867.76,False	
"CLERK",55349.31,54910.03,False	
"CLERK TYPIST",59668.17,65800.67,False	
"CLINICAL NURSE SPECIALIST",194074.62,191001.41,False	
"CLINICAL PHARMACIST",165991.66,165451.98,False	
"CLINICAL PSYCHOLOGIST",87915.67,87636.74,False	
"COLLECTIONS OFFICER",57919.29,68612.51,False	
"COMM POL SVCS AIDE SUPERVISOR",115997.25,108855.38,True	
"COMMANDER 3",288421.88,213255.60,True	
"COMMANDER III, (POLICE DEPARTMENT)",230158.28,200057.46,True	
"COMMERCIAL DIV ASST SPRV",108794.01,120124.49,False	
"COMMERCIAL DIVISION ASSISTANT SUPERVISOR",77736.21,69473.36,True	
"COMMISSIONER NO BENEFITS",11670.88,13865.96,False	
"COMMUNICATIONS DISPATCHER 1",48311.57,58184.11,False	
"COMMUNICATIONS DISPATCHER 2",77050.96,65100.74,True	
"COMMUNICATIONS DISPATCHER I",35696.58,41873.43,False	
"COMMUNICATIONS DISPATCHER II",50921.57,47744.53,False	
"COMMUNITY DEVELOPMENT ASSISTANT",56518.21,48568.80,True	
"COMMUNITY DEVELOPMENT ASST",72123.93,82780.69,False	
"COMMUNITY DEVELOPMENT SPEC",100680.22,94884.19,True	
"COMMUNITY DEVELOPMENT SPECIALIST",68382.58,62148.10,True	
"COMMUNITY POLICE SERVICES AIDE",95920.32,91171.31,False	
"CONFIDENTIAL CHIEF ATTORNEY II (CIVIL & CRIMINAL)",214988.68,214988.68,False	
"CONSTRUCTION INSPECTOR",119418.67,114966.09,False	
"CONTRACT COMPLIANCE OFFICER 1",110622.75,124396.80,False	
"CONTRACT COMPLIANCE OFFICER 2",161215.61,151513.76,True	
"CONTRACT COMPLIANCE OFFICER I",79421.83,61087.67,True	
"CONTRACT COMPLIANCE OFFICER II",98203.36,113292.30,False	
"COOK",71935.53,50978.90,True	
"COORD OF CITIZEN INVOLVEMENT",145366.22,126722.66,True	
"COORD, HUMAN RIGHTS COMM",142317.59,115815.07,True	
"COORDINATOR OF CITIZEN INVOLVEMENT",87032.06,72971.36,True	
"COORDINATOR, HUMAN RIGHTS COMMISSION",89188.80,70708.95,True	
"COUNSELOR, FAMILY COURT SERVICE",106006.52,85782.86,True	
"COUNSELOR, FAMILY COURT SVC",152152.83,125754.49,True	
"COUNSELOR, JUVENILE HALL",66712.42,59266.10,True	
"COUNSELOR, JUVENILE HALL SFERS",51516.17,52888.79,False	
"COUNSELOR, LOG CABIN RANCH",74560.00,40116.83,True	
"COUNSELOR,LOG CABIN RNCH SFERS",39398.50,20827.37,True	
"COURT ADMINISTRATOR",174958.23,130018.36,True	
"COURT ALTERNATIVE SPECIALIST 1",97198.09,91033.13,True	
"COURT ALTERNATIVE SPECIALIST I",62123.20,57809.68,False	
"COURT COMMISSIONER",102890.26,104240.70,False	
"COURT COMPUTER APPLICATIONS ANALYST",104611.60,91458.89,True	
"COURT COMPUTER APPLICATIONS PROGRAMMER",112493.34,115279.60,False	
"COURT INTERPRETER",80898.86,77797.46,False	
"COURT INVESTIGATOR",87039.56,94971.12,False	
"COURT INVSTGTOR, SUPERIOR CRT",38686.64,138577.95,False	
"COURT MANAGER",139395.72,142937.38,False	
"COURT PARALEGAL",73997.00,58043.37,True	
"COURT REPORTER",128928.04,109338.24,True	
"COURT STAFF ATTORNEY II",134906.22,118090.32,True	
"COURT SUPERVISOR II",111865.12,129373.24,False	
"COURT TRAINING SPECIALIST",115974.06,115758.26,False	
"CRAFTS INSTRUCTOR",14165.90,56479.26,False	
"CRIMINAL JUSTICE SPECIALIST 2",120630.81,105313.35,True	
"CRIMINAL JUSTICE SPECIALIST II",67985.20,70610.58,False	
"CRIMINALIST I",86998.62,81782.28,True	
"CRIMINALIST II",122736.50,117775.21,False	
"CRIMINALIST III",156049.33,136018.43,True	
"CT COMP APP ANALYST",150307.54,142919.08,True	
"CT COMP APP PROGRAMMER",161657.14,163959.92,False	
"CURATOR 1",36659.51,66259.21,False	
"CURATOR 2",98599.97,81095.82,True	
"CURATOR 3",109046.28,91500.90,True	
"CURATOR 4",132079.55,121776.34,True	
"CURATOR I",17523.17,45622.11,False	
"CURATOR II",49846.43,63850.86,False	
"CURATOR III",73181.92,72911.23,False	
"CURATOR IV",75748.60,85074.92,False	
"CUSTODIAL ASSISTANT SUPERVISOR",72820.96,78599.66,False	
"CUSTODIAL SUPERVISOR",84387.64,78843.09,True	
"CUSTODIAN",65199.36,63966.08,False	
"CUSTOMER SERVICE AGENT",94850.95,90776.47,False	
"CUSTOMER SERVICE AGENT SUPERVISOR",75322.35,74524.74,False	
"CUSTOMER SERVICE AGENT SUPV",111565.71,114149.55,False	
"CUSTOMER SERVICE AGENT TRAINEE",21412.87,20530.01,False	
"DA INVESTIGATIVE ASSIST",61211.23,90680.40,False	
"DENTAL AIDE",83741.45,74917.66,True	
"DENTIST",82177.35,85283.04,False	
"DEP CHF OF DEPT (FIRE DEPT)",362562.22,111892.38,True	
"DEP DIR I",156225.81,155128.69,False	
"DEP DIR II",160117.00,157932.52,False	
"DEP DIR III",212440.26,207807.15,False	
"DEP DIR IV",229727.82,220175.98,True	
"DEP DIR V",243107.66,257188.22,False	
"DEPARTMENT HEAD I",123029.90,134053.09,False	
"DEPARTMENT HEAD II",167880.13,160001.38,True	
"DEPARTMENT HEAD III",182239.07,179590.68,False	
"DEPARTMENT HEAD IV",208004.86,202426.74,True	
"DEPARTMENT HEAD V",221162.44,265513.02,False	
"DEPT HEAD I",200552.18,194247.33,True	
"DEPT HEAD II",239630.56,218230.34,True	
"DEPT HEAD III",220957.60,256241.71,False	
"DEPT HEAD IV",273209.00,285293.34,False	
"DEPT HEAD V",330662.94,353119.22,False	
"DEPUTY CHIEF 3",317025.91,339959.65,False	
"DEPUTY CHIEF III (POLICE DEPARTMENT)",246514.46,264074.60,False	
"DEPUTY CHIEF OF DEPARTMENT,(FIRE DEPARTMENT)",288356.27,261366.14,True	
"DEPUTY COURT CLERK I",42599.19,41264.79,False	
"DEPUTY COURT CLERK II",87963.80,83244.95,False	
"DEPUTY COURT CLERK III",102792.18,103609.08,False	
"DEPUTY DIR I, MTA",232647.30,233266.81,False	
"DEPUTY DIR II, MTA",230431.08,266172.97,False	
"DEPUTY DIRECTOR I",106260.35,94287.55,True	
"DEPUTY DIRECTOR I - MUNICIPAL TRANSPORTATION AGE",167374.50,186541.05,False	
"DEPUTY DIRECTOR II",86378.85,101498.89,False	
"DEPUTY DIRECTOR II - MUNICIPAL TRANSPORTATION AG",189916.66,217428.73,False	
"DEPUTY DIRECTOR III",152435.36,153382.98,False	
"DEPUTY DIRECTOR IV",162935.11,179249.30,False	
"DEPUTY DIRECTOR V",189327.04,180480.91,True	
"DEPUTY PROBATION OFFICER",102670.29,95397.34,True	
"DEPUTY PROBATION OFFICER SFERS",70183.77,75585.98,False	
"DEPUTY SHERIFF",133619.35,127083.44,True	
"DEPUTY SHERIFF 1",71400.22,55386.01,True	
"DIAGNOSTIC IMAGING TECH I",82896.27,94304.11,False	
"DIAGNOSTIC IMAGING TECH II",150767.37,129775.01,True	
"DIAGNOSTIC IMAGING TECH III",170162.95,125479.52,True	
"DIAGNOSTIC IMAGING TECH IV",134532.82,124505.65,True	
"DIETETIC TECHNICIAN",77077.10,72257.40,False	
"DIETITIAN",85844.72,77281.83,True	
"DIR OF ACT, THERAPY & VOL SVCS",120017.07,120867.00,False	
"DIRECTOR OF ACTIVITIES, THERAPY AND VOLUNTEER SERV",77159.00,77122.76,False	
"DIRECTOR, JUVENILE HALL",159002.84,143352.44,True	
"DISEASE CONTROL INVESTIGATOR",90253.61,85361.14,False	
"DIST ATTY INVESTIGATOR (SFERS)",124736.66,39217.51,True	
"DISTRICT ATTORNEY",290969.00,13130.08,True	
"DISTRICT ATTORNEY'S INVESTIGATIVE ASSISTANT",39104.59,56105.02,False	
"DISTRICT ATTORNEY'S INVESTIGATOR",83032.31,83227.99,False	
"DISTRICT ATTRY'S INVESTIGATOR",118617.53,112436.22,True	
"DIV DIRECTOR, ADULT PROBATION",164528.87,164186.80,False	
"DIVISION DIRECTOR ADULT PROBATION",116500.63,90787.34,True	
"DOCUMENT EXAMINER TECHNICIAN",77849.95,62349.61,True	
"EEO PROGRAMS SPECIALIST",98062.26,108081.24,False	
"EEO SENIOR SPECIALIST",90823.74,129542.03,False	
"ELECTIONS CLERK",37365.23,42961.06,False	
"ELECTIONS WORKER",76462.25,74262.36,False	
"ELECTR INSTRMNTN TECH WTR POLL",137608.73,149850.95,False	
"ELECTRIC MOTOR REPAIRER",125770.85,64156.65,True	
"ELECTRICAL INSPECTOR",120592.08,92490.48,True	
"ELECTRICAL LINE HELPER",94028.64,95059.87,False	
"ELECTRICAL LINE WORKER",123136.50,129792.81,False	
"ELECTRICAL TRANSIT MECHANIC SUPERVISOR I",96327.86,170905.08,False	
"ELECTRICAL TRANSIT MECHANIC, ASSISTANT SUPERVISOR",125848.61,137136.79,False	
"ELECTRICAL TRANSIT SHOP SPRV 1",187382.56,244533.64,False	
"ELECTRICAL TRANSIT SHOP SUPERVISOR I",142036.59,170112.61,False	
"ELECTRICAL TRANSIT SYSTEM MECH",134232.00,132606.12,False	
"ELECTRICAL TRANSIT SYSTEM MECHANIC",107461.43,134630.49,False	
"ELECTRICAL TRNST MECH SPRV 1",166174.73,212092.67,False	
"ELECTRICAL TRNST SHOP SPRV 1",158322.14,213549.85,False	
"ELECTRICIAN",110409.04,105669.88,False	
"ELECTRICIAN SUPERVISOR 1",153013.55,10873.17,True	
"ELECTRICIAN SUPERVISOR I",99336.69,101133.02,False	
"ELECTRL TRNST MECH, ASST SPRV",160266.01,114232.62,True	
"ELECTRONIC INSTRUMENTATION TECHNICIAN,WTR PLTNCN",86519.97,103982.00,False	
"ELECTRONIC MAINTENANCE TECH",149450.46,147906.78,False	
"ELECTRONIC MAINTENANCE TECHNICIAN",108176.99,107418.46,False	
"ELIGIBILITY WORKER",68866.01,68777.58,False	
"ELIGIBILITY WORKER SUPERVISOR",103534.48,101851.73,False	
"EMERGENCY MED SVCS AGENCY SPEC",145003.46,123730.32,True	
"EMERGENCY MEDICAL SERVICES AGENCY SPECIALIST",89470.03,55426.32,True	
"EMERGENCY SERVICES COORD II",84060.81,76184.32,True	
"EMERGENCY SERVICES COORD III",122641.43,124353.44,False	
"EMP & TRAINING SPEC 2",97902.59,95916.95,False	
"EMP & TRAINING SPEC 4",117357.59,108874.36,True	
"EMPLOYEE RELATIONS REPRESENTAT",82887.45,75082.11,True	
"EMPLOYEE RELATIONS REPRESENTATIVE",68482.41,33836.40,True	
"EMPLOYMENT & TRAINING SPEC 1",75380.00,76040.35,False	
"EMPLOYMENT & TRAINING SPEC 3",89370.16,96120.49,False	
"EMPLOYMENT & TRAINING SPEC 5",126995.88,114281.04,True	
"EMPLOYMENT & TRAINING SPECIALIST II",66924.23,64449.60,False	
"EMPLOYMENT & TRAINING SPECIALIST IV",77551.73,78710.11,False	
"EMPLOYMENT AND TRAINING SPECIALIST I",59720.02,56807.47,False	
"EMPLOYMENT AND TRAINING SPECIALIST III",61931.27,59181.98,False	
"EMPLOYMENT AND TRAINING SPECIALIST V",78600.10,75154.02,False	
"EMT/PARAMEDIC/FIREFIGHTER",173514.10,153944.69,True	
"ENG/ARCH/LANDSCAPE ARCH SR",188862.90,199728.23,False	
"ENGINEER",158588.50,154579.57,False	
"ENGINEER/ARCHITECT PRINCIPAL",190597.60,209349.19,False	
"ENGINEERING ASSISTANT",88975.13,77737.51,True	
"ENGINEERING ASSOCIATE 1",106712.63,102978.47,False	
"ENGINEERING ASSOCIATE 2",122278.24,100301.19,True	
"ENGINEERING ASSOCIATE II",80132.86,76889.22,False	
"ENVIRONMENT SPECIALIST",69964.87,70019.95,False	
"ENVIRONMENTAL ASSISTANT",59654.72,72455.58,False	
"ENVIRONMENTAL HEALTH INSPECTOR",115137.33,116818.68,False	
"ENVIRONMENTAL HEALTH TECHNICIAN I",49657.05,57419.97,False	
"ENVIRONMENTAL HLTH TECH 1",91359.05,81611.91,True	
"ENVIRONMENTAL SERVICE WORKER",40928.78,39176.96,False	
"ENVIRONMENTAL SPEC",99755.03,101457.47,False	
"EPIDEMIOLOGIST 1",87613.29,77271.75,True	
"EPIDEMIOLOGIST 2",132188.51,114478.05,True	
"EPIDEMIOLOGIST I",54428.60,53026.20,False	
"EPIDEMIOLOGIST II",88359.80,82663.38,True	
"ESTATE INVESTIGATOR",97111.40,94159.43,False	
"EVENTS & FACILITIES SPECIALIST",100777.90,89775.82,True	
"EX ASST TO ADMIN, SFGH",164756.34,153879.73,True	
"EXECUTIVE SECRETARY 1",85416.49,95791.43,False	
"EXECUTIVE SECRETARY 2",100693.05,100758.34,False	
"EXECUTIVE SECRETARY 3",86514.39,96294.94,False	
"EXECUTIVE SECRETARY I",63393.33,60123.63,False	
"EXECUTIVE SECRETARY II",71041.54,67447.10,False	
"EXECUTIVE SECRETARY III",76987.50,77487.21,False	
"FARE COLLECTIONS RECEIVER",89392.34,83385.01,True	
"FARE INSPECTIONS SUPERVISOR/INVESTIGATOR",70612.94,43089.30,True	
"FINGERPRINT TECHNICIAN 1",59163.48,83292.57,False	
"FINGERPRINT TECHNICIAN 2",99414.49,88412.60,True	
"FINGERPRINT TECHNICIAN 3",99926.17,117829.45,False	
"FINGERPRINT TECHNICIAN I",55819.75,48688.85,True	
"FINGERPRINT TECHNICIAN II",60379.72,48627.69,True	
"FINGERPRINT TECHNICIAN III",67827.67,71108.90,False	
"FIRE ALARM DISPATCHER",52074.21,51701.21,False	
"FIRE FIGHTER PARAMEDIC",132285.33,120392.47,True	
"FIRE RESCUE PARAMEDIC",92864.00,167880.13,False	
"FIRE SAFETY INSPECTOR 2",205155.81,205006.54,False	
"FIRE SAFETY INSPECTOR II",154767.91,142824.98,True	
"FIREFIGHTER",174322.85,165869.07,True	
"FISCAL SERVICES SUPERVISOR",156854.38,78687.66,True	
"FISCAL TECHNICIAN",92317.14,87667.13,False	
"FOOD SERVICE SUPERVISOR",78715.92,84311.20,False	
"FOOD SERVICE WORKER",52064.57,54281.84,False	
"GARDENER",77279.82,71977.31,True	
"GENERAL LABORER",73464.25,69308.81,False	
"GENERAL LABORER SUPERVISOR 1",95818.55,104053.37,False	
"GENERAL LABORER SUPERVISOR I",62401.71,69153.61,False	
"GOVERNMENT AND PUBLIC AFFAIRS MANAGER",110218.98,81231.77,True	
"GOVRNMT/PUBL AFFAIRS MGR",101929.46,163890.10,False	
"GRAPHIC ARTIST",74920.73,66282.44,True	
"HEAD ATTORNEY, CIVIL AND CRIMINAL",172232.02,166241.34,True	
"HEAD ATTY, CIVIL & CRIMINAL",232919.69,238802.95,False	
"HEAD PARK PATROL OFFICER",136794.53,68015.53,True	
"HEALTH CARE ANALYST",90408.65,85350.08,True	
"HEALTH CARE BILLING CLERK 1",83317.17,83060.78,False	
"HEALTH CARE BILLING CLERK 2",90432.45,90028.84,False	
"HEALTH CARE BILLING CLERK I",55379.83,35160.44,True	
"HEALTH CARE BILLING CLERK II",54695.43,57477.78,False	
"HEALTH EDUCATOR",112092.71,95724.83,True	
"HEALTH PROGRAM COORDINATOR 1",88516.30,78953.45,True	
"HEALTH PROGRAM COORDINATOR 2",107592.66,97178.40,True	
"HEALTH PROGRAM COORDINATOR 3",124410.68,123688.84,False	
"HEALTH PROGRAM COORDINATOR I",51110.07,62090.75,False	
"HEALTH PROGRAM COORDINATOR II",79857.92,76610.40,False	
"HEALTH PROGRAM COORDINATOR III",84400.26,80408.33,False	
"HEALTH PROGRAM PLANNER",96953.02,75610.48,True	
"HEALTH WORKER 1",71823.61,68475.51,False	
"HEALTH WORKER 2",77821.99,71344.39,True	
"HEALTH WORKER 3",81730.84,79475.03,False	
"HEALTH WORKER 4",98424.84,96095.44,False	
"HEALTH WORKER I",46223.49,38172.78,True	
"HEALTH WORKER II",50535.85,45601.28,False	
"HEALTH WORKER III",52865.42,53506.22,False	
"HEALTH WORKER IV",59484.73,63662.51,False	
"HOME HEALTH AIDE",38980.42,56896.06,False	
"HOSPITAL ELIG WRK SUPERVISOR",138388.89,130075.18,True	
"HOSPITAL ELIGIBILITY WORKER",61665.14,62037.60,False	
"HOSPITAL ELIGIBILITY WORKER SUPERVISOR",89583.11,79790.64,True	
"HOSPITAL ELIGIBLITY WORKER",103152.35,96289.32,True	
"HOUSEKEEPER/FOOD SERVICE CLEANER",45828.14,35283.65,True	
"HOUSEKEEPER/FOOD SERVICE CLNR",76920.56,55760.19,True	
"HOUSING INSPECTOR",117655.21,121929.03,False	
"HSA EMP & TRAINING SPEC II",99975.47,105939.46,False	
"HSA SOCIAL WORKER",94369.39,93581.65,False	
"HSA SR ELIGIBILITY WORKER",93360.10,89981.92,False	
"HUMAN SERVICES TECHNICIAN",72242.32,73301.37,False	
"ILLUSTRATOR AND ART DESIGNER",95972.73,101770.07,False	
"INCIDENT SUPPORT SPECIALIST",211204.79,211755.75,False	
"INDUSTRIAL HYGIENIST",111915.40,109354.85,False	
"INFORMATION SERVICES MANAGER",155336.77,149787.02,True	
"INSP, FIRE DEPT",203254.71,215287.82,False	
"INSPECTOR 2",164176.12,176085.18,False	
"INSPECTOR 3",202823.39,184955.12,True	
"INSPECTOR II, (POLICE DEPARTMENT)",145464.60,141919.01,False	
"INSPECTOR III, (POLICE DEPARTMENT)",155773.65,146124.40,True	
"INSPECTOR OF WEIGHTS AND MEASURES",43468.09,51697.03,False	
"INSPECTOR, BUREAU OF FIRE PREVENTION AND PUBLIC SA",152521.94,172720.76,False	
"INSPECTOR, WEIGHTS & MEASURES",72548.84,84723.70,False	
"INSTITUTIONAL POLICE OFFICER",100067.60,106747.90,False	
"INSTRUCTIONAL DESIGNER",127132.70,89628.37,True	
"INTEGRATED PEST MGMT SPECIALST",112539.03,91155.30,True	
"INVESTIGATOR, OFFICE OF CITIZEN COMPLAINTS",63635.69,62029.81,False	
"INVESTIGATOR, TAX COLLECTOR",103533.64,90594.46,True	
"INVESTIGATOR,TAXI & ACCESSSVCS",109712.90,103742.16,True	
"INVESTIGATOR/TRANSIT FARE SUPV",110787.70,87137.41,True	
"INVSTGTOR OFC CITIZEN CMPLNTS",121709.72,100778.00,True	
"INVSTGTOR,FIRE DEPT",231450.77,176525.18,True	
"IS ADMINISTRATOR - SUPERVISOR",100104.10,102461.02,False	
"IS ADMINISTRATOR 1",101301.63,98058.78,False	
"IS ADMINISTRATOR 2",92998.70,102039.16,False	
"IS ADMINISTRATOR 3",124935.41,133854.22,False	
"IS ADMINISTRATOR I",62896.80,62123.83,False	
"IS ADMINISTRATOR II",72161.89,72673.22,False	
"IS ADMINISTRATOR III",86168.88,91306.40,False	
"IS ADMINISTRATOR-SUPERVISOR",118175.32,143464.78,False	
"IS BUSINESS ANALYST",109450.42,98528.79,True	
"IS BUSINESS ANALYST - ASSISTANT",65237.96,68994.98,False	
"IS BUSINESS ANALYST - PRINCIPAL",106476.15,110442.09,False	
"IS BUSINESS ANALYST - SENIOR",89761.91,93946.81,False	
"IS BUSINESS ANALYST-ASSISTANT",98475.61,95787.91,False	
"IS BUSINESS ANALYST-PRINCIPAL",151012.48,156549.14,False	
"IS BUSINESS ANALYST-SENIOR",130389.95,127044.13,False	
"IS ENGINEER - ASSISTANT",93029.98,90359.70,False	
"IS ENGINEER - JOURNEY",96460.90,108333.16,False	
"IS ENGINEER - PRINCIPAL",120507.62,134617.72,False	
"IS ENGINEER - SENIOR",108968.16,117485.14,False	
"IS ENGINEER-ASSISTANT",137969.98,139474.64,False	
"IS ENGINEER-JOURNEY",146159.46,147934.34,False	
"IS ENGINEER-PRINCIPAL",173565.01,179399.00,False	
"IS ENGINEER-SENIOR",155911.27,165972.57,False	
"IS MANAGER",211365.54,188029.15,True	
"IS OPERATOR - ANALYST",66628.85,68385.68,False	
"IS OPERATOR - JOURNEY",40669.23,46439.59,False	
"IS OPERATOR - SENIOR",48220.86,58205.67,False	
"IS OPERATOR-ANALYST",72390.64,69291.06,False	
"IS OPERATOR-JOURNEY",91719.33,71255.62,True	
"IS OPERATOR-SENIOR",93668.02,95703.70,False	
"IS PRG ANALYST-PRINCIPAL",149059.90,136363.80,True	
"IS PROGRAM ANALYST-ASSISTANT",52746.83,68903.75,False	
"IS PROGRAMMER ANALYST",82289.88,84085.65,False	
"IS PROGRAMMER ANALYST - ASSISTANT",56074.14,67495.72,False	
"IS PROGRAMMER ANALYST - PRINCIPAL",105412.91,93824.67,True	
"IS PROGRAMMER ANALYST - SENIOR",88507.68,74108.18,True	
"IS PROGRAMMER ANALYST-SENIOR",117797.43,112482.77,True	
"IS PROJECT DIRECTOR",158364.12,153709.73,False	
"IS TECHNICAL-JOURNEY",96959.95,99203.72,False	
"IS TECHNICIAN - JOURNEY",62816.72,51556.31,True	
"IS TECHNICIAN - SENIOR",74921.34,74247.06,False	
"IS TECHNICIAN-SENIOR",106917.84,109295.89,False	
"IS TRAINER - JOURNEY",78325.05,72787.77,True	
"IS TRAINER-ASSISTANT",79016.32,89642.10,False	
"IS TRAINER-JOURNEY",116581.42,116103.32,False	
"IT OPERATIONS SUPPORT ADMIN I",91722.45,75525.10,True	
"IT OPERATIONS SUPPORT ADMIN II",98478.90,94159.00,False	
"IT OPERATIONS SUPPORT ADMIN IV",125679.66,138976.35,False	
"IT OPERATIONS SUPPORT ADMIN V",139399.60,150826.12,False	
"IT OPERATIONS SUPPORT ADMN III",108555.10,113130.75,False	
"JANITORIAL SERVICES ASSISTANT SUPERVISOR",67274.52,70036.04,False	
"JANITORIAL SVCS ASST SPRV",99867.00,108584.92,False	
"JUNIOR ADMINISTRATIVE ANALYST",62317.08,63939.37,False	
"JUNIOR CLERK",37990.98,29576.94,True	
"JUNIOR ENGINEER",81156.94,80758.71,False	
"JUNIOR MANAGEMENT ASSISTANT",72558.29,70946.98,False	
"LAB SVCS MGR",175749.26,176433.37,False	
"LABORATORY SERVICES MANAGER",124554.09,119832.82,False	
"LABORATORY TECHNICIAN II",64670.97,80280.58,False	
"LANDSCAPE ARCHITECT",174184.86,143489.38,True	
"LANDSCAPE ARCHITECT ASSOC 1",115315.12,119060.91,False	
"LANDSCAPE ARCHITECT ASSOC 2",148664.02,186646.47,False	
"LANDSCAPE ARCHITECTURAL ASSOCIATE I",83993.65,90498.17,False	
"LANDSCAPE ARCHITECTURAL ASSOCIATE II",99839.12,126800.44,False	
"LEGAL ASSISTANT",77843.63,79579.21,False	
"LEGAL PROCESS CLERK",57141.53,66705.95,False	
"LEGAL RESEARCH ASSISTANT",44505.34,50042.29,False	
"LEGAL SECRETARY 1",92502.79,91606.29,False	
"LEGAL SECRETARY I",66405.56,60103.89,True	
"LEGISLATIVE ASSISTANT",85697.59,88185.22,False	
"LEGISLATIVE ASST CITY ATTY OFC",67345.97,70640.03,False	
"LEGISLATIVE CLERK",96150.64,110614.60,False	
"LIBRARIAN 1",85563.64,78675.42,True	
"LIBRARIAN 2",114779.74,117305.19,False	
"LIBRARIAN 3",115236.58,127503.92,False	
"LIBRARIAN I",55328.97,51241.41,False	
"LIBRARIAN II",81361.51,74555.33,True	
"LIBRARIAN III",88311.79,83156.68,True	
"LIBRARY ASSISTANT",58408.45,61457.95,False	
"LIBRARY PAGE",32294.25,30292.23,False	
"LIBRARY TECHNICAL ASSISTANT 1",90884.34,83105.01,True	
"LIBRARY TECHNICAL ASSISTANT 2",99329.18,105703.71,False	
"LIBRARY TECHNICAL ASSISTANT I",58492.18,55659.17,False	
"LIBRARY TECHNICAL ASSISTANT II",66770.72,65769.24,False	
"LICENSED VOCATIONAL NURSE",84296.22,84663.53,False	
"LIEUT,FIRE PREV",231772.74,238644.07,False	
"LIEUTENANT 3",224559.02,209061.70,True	
"LIEUTENANT III (POLICE DEPARTMENT)",169264.38,154643.55,True	
"LIEUTENANT, BUREAU OF FIRE PREVENTION AND PUBLIC S",188321.95,216270.80,False	
"LIEUTENANT, FIRE DEPARTMENT",165330.35,154137.30,True	
"LIEUTENANT, FIRE SUPPRESSION",227046.34,210390.80,True	
"LIGHTING FIXTURE MAINTENANCE WORKER",50757.94,43572.69,True	
"MAINTENANCE ESTIMATOR AND SCHEDULER",51248.67,55600.80,False	
"MAINTENANCE PLANNER",130004.11,124757.28,True	
"MAINTENANCE SCHEDULER",109279.92,96566.09,True	
"MANAGEMENT ASSISTANT",83101.36,85367.38,False	
"MANAGER I",129018.72,139295.63,False	
"MANAGER I - MUNICIPAL TRANSPORTATION AGENCY",40017.50,92984.22,False	
"MANAGER II",140855.58,143821.22,False	
"MANAGER II - MUNICIPAL TRANSPORTATION AGENCY",121931.63,103515.17,True	
"MANAGER II, MTA",108885.47,142401.66,False	
"MANAGER III",154281.14,151163.36,False	
"MANAGER III - MUNICIPAL TRANSPORTATION AGENCY",109762.64,108717.19,False	
"MANAGER III, MTA",163259.38,162951.75,False	
"MANAGER IV",161067.32,168868.58,False	
"MANAGER IV - MUNICIPAL TRANSPORTATION AGENCY",116626.76,118491.34,False	
"MANAGER IV, MTA",168642.95,174368.76,False	
"MANAGER V",164457.43,168550.10,False	
"MANAGER V - MUNICIPAL TRANSPORTATION AGENCY",105836.76,134348.54,False	
"MANAGER V, MTA",171288.44,160553.55,True	
"MANAGER VI",194159.25,190340.98,False	
"MANAGER VI - MUNICIPAL TRANSPORTATION AGENCY",117749.08,112233.94,True	
"MANAGER VI, MTA",164420.76,203355.81,False	
"MANAGER VII",207639.95,209720.49,False	
"MANAGER VII - MUNICIPAL TRANSPORTATION AGENCY",143919.01,160724.19,False	
"MANAGER VII, MTA",222581.98,226814.50,False	
"MANAGER VIII",221410.37,236561.31,False	
"MANAGER VIII - MUNICIPAL TRANSPORTATION AGENCY",135622.59,160100.16,False	
"MANAGER VIII, MTA",224944.58,215395.16,True	
"MANAGER, EMPLOYEE RELATIONS DIV",127270.57,129766.02,False	
"MANAGER,EMPLOYEE RELATIONS DIV",198618.70,184638.08,True	
"MARRIAGE, FAMILY & CHILD CNSLR",110391.72,103049.36,True	
"MARRIAGE, FAMILY & CHILD COUNSELOR (MFCC)",75733.13,66625.49,True	
"MATERIALS COORDINATOR",121899.85,147309.88,False	
"MATERIALS TESTING AIDE",74555.97,24009.94,True	
"MATERIALS TESTING TECHNICIAN",92825.28,70245.38,True	
"MAYORAL STAFF II",64184.24,54797.39,True	
"MAYORAL STAFF IV",50276.80,52209.14,False	
"MAYORAL STAFF IX",72694.35,86024.90,False	
"MAYORAL STAFF VII",109189.88,74683.70,True	
"MAYORAL STAFF XI",108460.66,102274.69,True	
"MAYORAL STAFF XIII",121885.83,128395.30,False	
"MAYORAL STAFF XIV",109537.92,130384.91,False	
"MAYORAL STAFF XV",114274.60,131248.50,False	
"MAYORAL STAFF XVI",138910.77,152638.68,False	
"MAYORAL STAFF XVII",181545.46,199309.07,False	
"MEDIA PRODUCTION TECH",61133.00,51277.57,True	
"MEDIA PRODUCTION TECHNICIAN",42146.61,39903.62,False	
"MEDICAL EVALUATIONS ASSISTANT",61662.98,68378.07,False	
"MEDICAL RECORDS CLERK",74764.93,70900.87,False	
"MEDICAL RECORDS TECHNICIAN",83590.73,83373.01,False	
"MEDICAL SOCIAL WORK SUPERVISOR",121832.83,120445.37,False	
"MEDICAL SOCIAL WORKER",94636.35,93867.84,False	
"MEDICAL TRANSCRIBER TYPIST",82575.18,84856.15,False	
"MEMBER, BOARD OF SUPERVISORS",131084.97,131488.02,False	
"MENTAL HEALTH REHABILITATION WORKER",51890.56,55885.56,False	
"MENTAL HEALTH TREATMENT SPECIALIST",80604.06,72172.33,True	
"MENTAL HLTH TREATMENT SPEC",128972.10,115954.44,True	
"MICROBIOLOGIST",78333.61,88484.77,False	
"MICROPHOTO/IMAGING TECHNICIAN",62814.50,64978.58,False	
"MUSEUM GUARD",45942.27,53877.90,False	
"MUSEUM PREPARATOR",41104.37,53181.22,False	
"MUSEUM REGISTRAR",16276.50,82930.59,False	
"MUSEUM SEC SUPV",106727.15,103312.01,False	
"MUSEUM SECURITY SUPERVISOR",63945.88,76657.11,False	
"NURSE MANAGER",206896.74,206643.93,False	
"NURSE MIDWIFE",12694.35,61268.88,False	
"NURSE PRACTITIONER",128730.28,128780.29,False	
"NURSERY SPECIALIST",93890.03,88944.20,False	
"NURSES STAFFING ASSISTANT",66900.90,67579.53,False	
"NURSING ASSISTANT",98260.14,96426.66,False	
"NURSING SUPERVISOR",167011.05,146700.45,True	
"OCCUPATIONAL THERAPIST",80572.22,91328.71,False	
"OPERATING ENGINEER, UNIVERSAL",115772.13,140970.33,False	
"OPERATING ROOM NURSE",167167.05,97055.02,True	
"ORNAMENTAL IRON WORKER",99580.59,96228.58,False	
"PAINTER",89565.51,79113.80,True	
"PARK PATROL OFFICER",71077.57,76187.39,False	
"PARK SECTION SUPERVISOR",97699.29,87441.58,True	
"PARKING CONTROL OFFICER",79868.79,74525.66,True	
"PARKING ENFORCEMENT ADMIN",150237.44,133983.21,True	
"PARKING ENFORCEMENT ADMINISTRATOR",111108.73,96047.70,True	
"PARKING HEARING EXAMINER",60021.92,58186.82,False	
"PARKING METER REPAIRER",81099.06,84860.70,False	
"PARKING METER REPAIRER SPRV 1",110220.00,105427.52,False	
"PARTS STOREKEEPER",85640.17,75702.19,True	
"PATIENT ACCOUNTS ASSISTANT SUPERVISOR",65727.82,69958.99,False	
"PATIENT ACCOUNTS ASST SPRV",103298.83,95288.91,True	
"PATIENT ACCOUNTS CLERK",83150.46,86335.86,False	
"PATIENT ACCOUNTS SUPERVISOR",91112.27,102211.62,False	
"PATIENT CARE ASSISTANT",76479.33,77412.99,False	
"PATIENT SERVICES FINANCE TECHNICIAN",49142.08,50496.51,False	
"PATIENT SVCS FINANCE TECH",74926.79,79421.81,False	
"PAYROLL CLERK",76465.59,76009.68,False	
"PAYROLL SUPERVISOR",115741.40,13754.40,True	
"PERF ANALYST III PROJECT MGR",153241.40,118897.04,True	
"PERFORMANCE ANALYST II",74487.31,105392.39,False	
"PERFORMANCE ANALYST III - PROJECT MANAGER",99178.06,89346.50,True	
"PERFORMING ARTS CENTER AIDE",67941.43,56533.70,True	
"PERMIT AND CITATION CLERK",79856.78,82416.05,False	
"PERSONAL PROPERTY AUDITOR",89642.91,79581.38,True	
"PERSONNEL ANALYST",85363.88,89945.10,False	
"PERSONNEL CLERK",54197.12,58556.54,False	
"PERSONNEL TECHNICIAN",63944.58,82831.47,False	
"PERSONNEL TRAINEE",44701.21,28778.80,True	
"PEST CONTROL SPECIALIST",73567.53,71703.49,False	
"PHARMACIST",164138.26,127994.36,True	
"PHARMACY HELPER",88605.27,67814.38,True	
"PHARMACY TECHNICIAN",96293.84,91013.32,True	
"PHOTOGRAPHER",56873.65,71941.81,False	
"PHYSICAL THERAPIST",105102.02,94982.75,True	
"PHYSICAL THERAPIST ASSISTANT",101332.97,79907.99,True	
"PHYSICAL THERAPY AIDE",66058.03,61334.39,False	
"PHYSICIAN ASSISTANT",121011.01,106242.43,True	
"PHYSICIAN SPECIALIST",105435.62,90662.65,True	
"PILE WORKER",109135.03,66688.79,True	
"PLANNER 1",75425.60,57152.31,True	
"PLANNER 2",87275.32,89631.05,False	
"PLANNER 3",120511.11,109631.22,True	
"PLANNER 3-ENVIRONMENTAL REVIEW",121151.65,123354.98,False	
"PLANNER 4",148580.93,147174.49,False	
"PLANNER 4-ENVIRONMENTAL REVIEW",161706.71,139112.69,True	
"PLANNER 5",155365.72,120956.32,True	
"PLANNER I",64548.16,40607.59,True	
"PLANNER II",66139.90,60157.13,True	
"PLANNER III",88219.81,81233.53,True	
"PLANNER III-ENVIRONMENTAL REVIEW",93483.53,87933.55,True	
"PLANNER IV",110986.88,109720.06,False	
"PLANNER IV-ENVIRONMENTAL REVIEW",114515.42,103346.24,True	
"PLANNER TECHNICIAN",35391.81,76451.20,False	
"PLANNER V",104852.92,134320.02,False	
"PLUMBER",120906.48,13221.09,True	
"PLUMBER SUPERVISOR 1",156513.91,126444.72,True	
"POLICE COMMUNICATIONS SHIFT SUPERVISOR",101896.47,96975.28,False	
"POLICE OFFICER",126999.57,113866.32,True	
"POLICE OFFICER 2",173789.54,163982.79,True	
"POLICE OFFICER 3",172261.30,164921.90,True	
"POLICE OFFICER I",115209.90,110106.12,True	
"POLICE OFFICER II",125067.90,117968.38,True	
"POLICE OFFICER III",129633.17,121703.09,True	
"POOL LIFEGUARD",12906.21,11707.11,False	
"PORTER",62052.60,64218.55,False	
"PORTER ASSISTANT SUPERVISOR",63904.18,94121.42,False	
"PORTER SUPERVISOR 1",104374.66,102833.05,False	
"PORTER SUPERVISOR I",68990.61,62021.55,True	
"POWER HOUSE OPERATOR",119652.06,121811.47,False	
"PR ADMINISTRATIVE ANALYST",134678.12,128275.90,True	
"PR ENVIRONMENTAL HLTH INSP",151552.10,158367.42,False	
"PR PAYROLL & PERSONNEL CLERK",102723.35,112098.18,False	
"PR PERSONAL PROPERTY AUDITOR",117294.23,140780.94,False	
"PR REAL PROPERTY APPRAISER",151586.92,139191.78,True	
"PRINCIPAL ACCOUNT CLERK",91017.74,89414.08,False	
"PRINCIPAL ACCOUNTANT",69084.07,73057.05,False	
"PRINCIPAL ADMINISTRATIVE ANALYST",93466.20,92541.52,False	
"PRINCIPAL ADMINISTRATIVE ANAYLST II",109620.03,100442.89,True	
"PRINCIPAL CIVIL ENGINEER",136195.37,134912.22,False	
"PRINCIPAL CLERK",85399.22,83892.68,False	
"PRINCIPAL ENVIRON SPECIALIST",140502.96,122649.86,True	
"PRINCIPAL ENVIRONMENTAL HEALTH INSPECTOR",110955.55,111035.27,False	
"PRINCIPAL ENVIRONMENTAL SPECIALIST",93999.91,82570.17,True	
"PRINCIPAL MANAGEMENT ANALYST",93210.50,109194.56,False	
"PRINCIPAL MGMT ANALYST",156835.98,109733.12,True	
"PRINCIPAL PARTS STOREKEEPER",70546.72,153657.63,False	
"PRINCIPAL PAYROLL AND PERSONNEL CLERK",69953.21,75627.81,False	
"PRINCIPAL PERMIT AND CITATION CLERK",75913.02,70513.81,True	
"PRINCIPAL PERSONAL PROPERTY AUDITOR",82172.22,96052.96,False	
"PRINCIPAL PERSONNEL ANALYST",117425.22,125527.47,False	
"PRINCIPAL REAL PROPERTY APPRAISER",95122.89,91938.87,False	
"PRINCIPAL WATER SERVICES CLERK",93221.41,94783.22,False	
"PRNPL ADMIN ANALYST II",138204.77,147794.01,False	
"PROBATE EXAMINER",101405.74,122963.74,False	
"PROGRAM SPECIALIST",100819.95,94098.66,True	
"PROGRAM SPECIALIST SUPERVISOR",115346.76,112666.04,False	
"PROGRAM SUPPORT ANALYST",112267.45,101512.97,True	
"PROJECT MANAGER 1",128930.14,130515.00,False	
"PROJECT MANAGER 2",162506.59,148005.07,True	
"PROJECT MANAGER 3",218389.05,189488.62,True	
"PROJECT MANAGER 4",234597.97,241079.51,False	
"PROJECT MANAGER I",93063.84,108158.89,False	
"PROJECT MANAGER II",131191.58,125357.26,True	
"PROJECT MANAGER III",150293.93,150319.30,False	
"PROJECT MANAGER IV",157413.58,175285.83,False	
"PROPERTY MANAGER, PORT",111536.25,135201.19,False	
"PROTECTIVE SERVICES SUPERVISOR",127706.47,132629.48,False	
"PROTECTIVE SERVICES WORKER",110178.69,108848.76,False	
"PRPL PERMIT AND CITATION CLERK",107715.00,101409.51,True	
"PS AIDE HEALTH SERVICES",20403.55,19887.20,False	
"PS AIDE TO PROF",33166.04,31504.08,False	
"PSYCHIATRIC SOCIAL WORKER",95600.49,92984.04,False	
"PSYCHIATRIC TECHNICIAN",83640.91,79044.84,False	
"PUB SAFETY COMMUNICATION COORD",150715.56,151835.08,False	
"PUBL SVC AIDE-ASST TO PROF",21445.63,22181.29,False	
"PUBLIC DEFENDER'S INVESTIGATOR",94189.52,95153.10,False	
"PUBLIC HEALTH NURSE",167896.16,138525.30,True	
"PUBLIC HEALTH TEAM LEADER",95361.21,95056.49,False	
"PUBLIC INFORMATION OFFICER",84452.18,68482.20,True	
"PUBLIC RELATIONS ASSISTANT",67917.71,59573.24,True	
"PUBLIC RELATIONS OFFICER",111473.62,100270.67,True	
"PUBLIC SAFETY COMMUNICATIONS DISPATCHER",93813.14,84196.78,True	
"PUBLIC SAFETYCOMM DISP",132886.05,122770.86,True	
"PUBLIC SAFETYCOMM SUPV",143164.50,138165.55,False	
"PUBLIC SERVICE AIDE-ADMIN",51712.98,25122.75,True	
"PUBLIC SERVICE AIDE-ASSISTANT TO PROFESSIONALS",15343.13,16290.19,False	
"PUBLIC SERVICE AIDE-ASSOCIATE TO PROFESSIONALS",21757.31,24008.50,False	
"PUBLIC SERVICE AIDE-HEALTH SERVICES",17349.76,16232.20,False	
"PUBLIC SERVICE AIDE-SPECIAL PROGRAMS",17368.88,16809.01,False	
"PUBLIC SERVICE TRAINEE",29212.71,29908.82,False	
"PUBLIC SVC AIDE-PUBLIC WORKS",19254.52,18627.49,False	
"PURCHASER",90285.35,98299.74,False	
"REAL PROPERTY APPRAISER",96211.96,87376.37,True	
"RECREATION COORDINATOR",68827.08,66143.66,False	
"RECREATION DIRECTOR",14855.28,10244.85,False	
"RECREATION LEADER",14500.48,14697.09,False	
"RECREATION SPECIALIST",47499.97,57056.36,False	
"RECREATION SUPERVISOR",96932.85,92484.57,False	
"REGISTERED NURSE",144363.67,140418.38,False	
"REGULATORY SPECIALIST",120148.10,110172.71,True	
"REHABILITATION COUNSELOR",91217.42,61371.97,True	
"REHABILITATION SERVICES COORDINATOR",71732.10,76320.23,False	
"REHABILITATION SVCS COORD",109647.43,105528.22,False	
"REP, HUMAN RIGHTS COMM",84894.39,97886.52,False	
"REPRESENTATIVE, HUMAN RIGHTS COMMISSION",77986.08,64124.40,True	
"RESEARCH ASSISTANT",83049.88,68192.54,True	
"RESEARCH ASST, SUPERIOR COURT",91624.42,75076.81,True	
"RESEARCH PSYCHOLOGIST",136043.42,136235.84,False	
"RESPIRATORY CARE PRACTITIONER",41537.72,42947.78,False	
"RETIREMENT ANALYST",76015.42,56890.92,True	
"SAFETY ANALYST",126938.46,109140.30,True	
"SAFETY OFFICER",112372.58,140674.61,False	
"SCHOOL CROSSING GUARD",11741.81,11532.43,False	
"SECRETARY 1",81329.69,79372.42,False	
"SECRETARY 2",86278.16,85141.49,False	
"SECRETARY I",54929.29,50814.97,False	
"SECRETARY II",56164.82,54617.18,False	
"SECURITY ANALYST",112993.11,120337.65,False	
"SECURITY GUARD",76766.88,74707.94,False	
"SEN HOSPITAL ELIGIBILITY WRKR",101583.50,101724.40,False	
"SENIOR ACCOUNT CLERK",73245.23,75383.04,False	
"SENIOR ACCOUNTANT",64267.66,64552.10,False	
"SENIOR ADMINISTRATIVE ANALYST",103167.93,104361.25,False	
"SENIOR AIRPORT COMMUNICATIONS DISPATCHER",88346.81,84517.02,False	
"SENIOR ASSESSMENT CLERK",54673.40,50449.91,False	
"SENIOR BENEFITS ANALYST",95558.42,102463.28,False	
"SENIOR BUILDING INSPECTOR",146672.17,152015.23,False	
"SENIOR CLAIMS INVESTIGATOR,CITY ATTORNEY'S OFFICE",103460.99,103064.41,False	
"SENIOR CLERK",62189.90,63313.82,False	
"SENIOR CLERK TYPIST",72015.98,69820.74,False	
"SENIOR COLLECTIONS OFFICER",84501.35,81550.15,False	
"SENIOR COMMUNITY DEVELOPMENT SPECIALIST I",81917.55,77722.45,False	
"SENIOR COMMUNITY DEVELOPMENT SPECIALIST II",89993.98,92739.10,False	
"SENIOR COUNSELOR, JUVENILE HALL",87082.76,111088.17,False	
"SENIOR CUSTOMER SERVICE AGENT",60572.29,53214.74,True	
"SENIOR DEPUTY SHERIFF",153929.80,144710.83,True	
"SENIOR DISTRICT ATTORNEY'S INVESTIGATOR",104684.18,109255.07,False	
"SENIOR ELIGIBILITY WORKER",85693.97,85733.48,False	
"SENIOR ENGINEER",136779.36,140407.23,False	
"SENIOR ENVIRONMENT SPECIALIST",87539.97,79471.12,True	
"SENIOR ENVIRONMENTAL HEALTH INSPECTOR",104540.60,102688.56,False	
"SENIOR ESTATE INVESTIGATOR",105587.21,106651.62,False	
"SENIOR FISCAL TECHNICIAN",111031.23,91949.03,True	
"SENIOR FOOD SERVICE WORKER",59886.70,63100.40,False	
"SENIOR HEALTH PROGRAM PLANNER",118842.33,107928.05,True	
"SENIOR INDUSTRIAL HYGIENIST",164997.64,152412.34,True	
"SENIOR INDUSTRIAL HYGIENIST DEPT OF PUBLIC HEALTH",116824.01,102168.06,True	
"SENIOR LEGAL PROCESS CLERK",78469.27,69371.20,True	
"SENIOR MANAGEMENT ASSISTANT",90887.64,96571.22,False	
"SENIOR MARRIAGE, FAMILY & CHILD COUNSELOR (MFCC)",85153.82,78289.16,True	
"SENIOR MEDICAL SOCIAL WORKER",102401.72,115738.15,False	
"SENIOR MICROBIOLOGIST",123748.93,116153.29,True	
"SENIOR MICROPHOTO/IMAGING TECHNICIAN",54604.55,54421.45,False	
"SENIOR MUSEUM REGISTRAR",76710.50,111477.21,False	
"SENIOR PARKING CONTROL OFFICER",100761.07,96375.44,False	
"SENIOR PAYROLL AND PERSONNEL CLERK",66389.26,63186.80,False	
"SENIOR PERMIT AND CITATION CLERK",62364.62,59719.20,False	
"SENIOR PERSONAL PROPERTY AUDITOR",87731.25,86122.32,False	
"SENIOR PERSONNEL ANALYST",104695.28,117541.08,False	
"SENIOR PERSONNEL CLERK",77792.14,81236.14,False	
"SENIOR PHYSICAL THERAPIST",123535.79,149646.10,False	
"SENIOR PHYSICIAN SPECIALIST",160440.14,164985.46,False	
"SENIOR POLICE COMMUNICATIONS DISPATCHER",103882.06,97669.20,True	
"SENIOR POWER GENERATION TECHNICIAN",130201.70,140993.44,False	
"SENIOR PSYCHIATRIC SOCIAL WORKER",83864.72,76259.93,True	
"SENIOR PUBLIC DEFENDER'S INVESTIGATOR",87707.00,66421.92,True	
"SENIOR PURCHASER",101321.11,118225.90,False	
"SENIOR REAL PROPERTY APPRAISER",103005.82,108810.45,False	
"SENIOR REAL PROPERTY OFFICER",140728.92,113723.39,True	
"SENIOR SOCIAL WORKER",89177.23,89127.22,False	
"SENIOR STATIONARY ENGINEER, SEWAGE PLANT",97562.05,98276.93,False	
"SENIOR STATIONARY ENGINEER, WATER TREATMENT PLANT",102736.81,114540.00,False	
"SENIOR STOREKEEPER",79976.00,75759.17,False	
"SENIOR STREET INSPECTOR",103078.31,107882.18,False	
"SENIOR SWIMMING INSTRUCTOR",65136.24,65237.37,False	
"SENIOR SYSTEMS ACCOUNTANT",100164.84,89942.01,True	
"SENIOR TELEPHONE OPERATOR",39601.33,56543.98,False	
"SENIOR WATER SERVICE INSPECTOR",148318.72,99877.94,True	
"SENIOR WATER SERVICES CLERK",80077.30,79629.23,False	
"SERGEANT 2",207462.46,193017.17,True	
"SERGEANT 3",208017.79,194076.88,True	
"SERGEANT I (POLICE DEPARTMENT)",150238.13,135767.78,True	
"SERGEANT II (POLICE DEPARTMENT)",148917.72,141076.85,True	
"SERGEANT III (POLICE DEPARTMENT)",153092.62,145424.85,True	
"SERGEANT, (POLICE DEPARTMENT)",196571.55,189363.10,True	
"SHEET METAL WORKER",109398.57,91768.52,True	
"SHELTER SERVICE REP",72198.10,52816.88,True	
"SHELTER SERVICE REPRESENTATIVE",53651.73,44959.43,True	
"SHELTER VETERINARIAN",104664.26,107144.34,False	
"SHERIFF'S CADET",52736.69,53542.84,False	
"SHERIFF'S CAPTAIN",194291.46,199275.69,False	
"SHERIFF'S LIEUTENANT",175776.30,181898.51,False	
"SHERIFF'S PROPERTY KEEPER",19172.29,27941.14,False	
"SHERIFF'S SERGEANT",158985.02,142716.22,True	
"SNR PERMIT AND CITATION CLERK",100191.60,97151.86,False	
"SOCIAL WORK SPECIALIST",94556.16,91696.16,False	
"SOCIAL WORK SUPERVISOR",102788.65,100375.58,False	
"SOCIAL WORKER",65702.91,63538.44,False	
"SOFT FLOOR COVERER",46129.90,18434.40,True	
"SPECIAL ASSISTANT 10",36032.69,31676.52,False	
"SPECIAL ASSISTANT 22",155751.59,198956.43,False	
"SPECIAL ASSISTANT 3",65810.47,77111.37,False	
"SPECIAL NURSE",55887.14,46464.38,True	
"SPEECH PATHOLOGIST",10604.79,89465.62,False	
"SPRV ADULT PROB OFC (SFERS)",108445.59,109418.19,False	
"SPRV ADULT PROBATION OFC",129745.33,135764.96,False	
"SPRV CLINCAL PSYCHOLOGIST",154296.56,138386.50,True	
"SPRV PROB OFC, JUV COURT",130357.52,141406.40,False	
"SPRV WASTEWATER CONT INSPECTOR",143443.00,125925.08,True	
"SR AIRPORT COMMUNICATIONS DISP",129739.24,120228.06,True	
"SR COMMUNITY DEV SPEC 2",125933.91,128032.69,False	
"SR COUNSELOR, JUVENILE HALL",134050.20,141142.24,False	
"SR DISTRICT ATTY INVESTIGATOR",149749.21,150077.35,False	
"SR ENVIRONMENTAL HLTH INSP",143379.29,141913.82,False	
"SR FARE COLLECTIONS RECEIVER",107550.04,98167.66,True	
"SR HUMAN RESOURCES ANALYST",144809.63,65658.06,True	
"SR MARRIAGE, FAM & CLD CNSLR",128640.05,126165.31,False	
"SR MATERIALS & SUPPLIES SPRV",61141.84,85976.27,False	
"SR PAYROLL & PERSONNEL CLERK",98910.75,99717.00,False	
"SR PERSONAL PROPERTY AUDITOR",99322.84,122629.13,False	
"SR POWER GENERATION TECH",177659.72,189897.46,False	
"SR PSYCHIATRIC SOCIAL WORKER",118073.13,115812.16,False	
"SR PUBLIC DEFENDERS INVSTGTOR",133140.20,109611.11,True	
"SR STATNRY ENG, WTR TREAT PLNT",147103.57,150038.16,False	
"SR. COMMUNITY DEVL SPC 1",105145.57,106256.77,False	
"SR. ENVIRONMENTAL SPEC",129877.12,111570.82,True	
"SR. MICROPHOTO/IMAGING TECH.",86304.35,29742.02,True	
"SR. STATIONARY ENG, SEW PLANT",148847.54,138020.71,True	
"SRCLAIMSINVSTGTOR,CTY ATTY OFC",140337.51,147684.58,False	
"STABLE ATTENDANT",74874.44,74747.32,False	
"STAGE ELECTRICIAN",68895.01,26852.91,True	
"STATION AGENT, MUNI RAILWAY",133152.94,120668.58,True	
"STATION AGENT, MUNICIPAL RAILWAY",93323.67,97506.78,False	
"STATION OFFICER",76428.73,71577.11,False	
"STATIONARY ENG, SEWAGE PLANT",124095.62,112980.73,True	
"STATIONARY ENGINEER",102911.62,101302.71,False	
"STATIONARY ENGINEER, SEWAGE PLANT",84376.04,88589.98,False	
"STATIONARY ENGINEER, WATER TREATMENT PLANT",85414.63,87559.07,False	
"STATNRY ENG WATER TREAT PLANT",113027.98,84305.26,True	
"STDNTDSGN TRAIN2/ARCH/ENG/PLNG",22583.27,26933.59,False	
"STDNTDSGNTRAIN1, ARCH/ENG/PLNG",21586.33,20984.71,False	
"STDNTDSGNTRAIN3, ARCH/ENG/PLNG",20728.00,22540.92,False	
"STEAMFITTER",113440.36,128292.68,False	
"STOREKEEPER",64096.69,70269.31,False	
"STORES & EQUIP ASST SPRV",78629.42,73800.69,False	
"STREET ENVIRON SVCS OPRS SUPV",129820.64,125310.50,False	
"STREET ENVIRONMENTAL SERVICES OPERATIONS SUPERVI",95638.14,57589.82,True	
"STREET INSPECTION SUPERVISOR",129171.29,129585.70,False	
"STREET INSPECTOR",94000.45,93852.09,False	
"STUDENT DESIGN TRAINEE 1/ARC-ENG-PLNG",18524.14,16203.53,False	
"STUDENT DESIGN TRAINEE 2/ARC-ENG-PLNG",17451.30,17171.16,False	
"STUDENT DESIGN TRAINEE 3/ARC-ENG-PLNG",18348.06,19789.10,False	
"SUPERIOR COURT JUDGE",18422.21,20319.19,False	
"SUPERVISING ADULT PROBATION OFFICER",93088.61,91148.47,False	
"SUPERVISING AUDITOR",77016.24,89026.37,False	
"SUPERVISING BIOLOGIST",111698.24,112790.82,False	
"SUPERVISING CHEMIST",91775.30,96759.54,False	
"SUPERVISING CLINICAL PSYCHOLOGIST",96146.86,82068.80,True	
"SUPERVISING PARTS STOREKEEPER",84913.34,126724.09,False	
"SUPERVISING PHARMACIST",183105.66,199647.22,False	
"SUPERVISING PHYSICIAN SPEC",239523.13,258937.94,False	
"SUPERVISING PHYSICIAN SPECIALIST",166912.84,174242.90,False	
"SUPERVISING PURCHASER",114140.20,145078.76,False	
"SUPV BIOLOGIST",150997.20,149211.36,False	
"SUPV CHEMIST",140733.74,131693.14,True	
"SURGICAL PROCEDURES TECHNICIAN",91244.51,91212.50,False	
"SURVEY ASSISTANT I",85833.29,92748.69,False	
"SURVEY ASSISTNAT I",57125.23,53373.84,False	
"SURVEY ASSOCIATE",101795.26,113657.45,False	
"SWIMMING INSTR/POOL LIFEGUARD",62785.58,41320.21,True	
"SWIMMING INSTRUCTOR",13977.10,19225.02,False	
"SWIMMING INSTRUCTOR/POOL LIFEGUARD",25906.52,17538.34,True	
"TELEPHONE OPERATOR",74637.66,69068.45,True	
"TESTING TECHNICIAN",13896.77,13363.39,False	
"THERAPY AIDE",85637.98,92596.74,False	
"TRACK MAINTENANCE WORKER",91586.47,62166.78,True	
"TRAF SIGNAL ELECTRICIAN SUP I",170479.18,164347.64,True	
"TRAFFIC SIGNAL ELECTRICIAN",129687.86,75844.24,True	
"TRAFFIC SURVEY TECHNICIAN",91093.05,87260.56,False	
"TRAIN CONTROLLER",151913.92,152122.50,False	
"TRAINING OFFICER",96851.23,100471.93,False	
"TRANS SAFETY SPECIALIST",155308.35,89163.56,True	
"TRANSIT CAR CLEANER",90368.89,93540.56,False	
"TRANSIT CAR CLEANER ASSISTANT SUPERVISOR",85697.80,49620.67,True	
"TRANSIT CAR CLEANER ASST SPRV",112562.42,86219.74,True	
"TRANSIT FARE INSP. SUP/INVST.",99345.90,94883.35,False	
"TRANSIT FARE INSPECTOR",78379.75,76693.92,False	
"TRANSIT INFORMATION CLERK",87096.26,70470.14,True	
"TRANSIT MANAGER 1",130245.63,139085.41,False	
"TRANSIT MANAGER 2",141787.24,176682.45,False	
"TRANSIT MANAGER I",106328.19,108499.85,False	
"TRANSIT MANAGER II",101987.54,116816.50,False	
"TRANSIT OPERATOR",94912.30,78838.11,True	
"TRANSIT PLANNER 2",77625.63,89312.15,False	
"TRANSIT PLANNER 4",151200.43,122537.55,True	
"TRANSIT PLANNER II",72211.16,63369.70,True	
"TRANSIT PLANNER III",107377.11,118924.77,False	
"TRANSIT PLANNER IV",109754.56,107034.74,False	
"TRANSIT SUPERVISOR",139363.63,122087.52,True	
"TRANSIT TRAFFIC CHECKER",84480.61,98667.34,False	
"TRANSPORTATION PLANNER II",92941.40,86477.79,True	
"TRANSPORTATION PLANNER III",118621.97,112707.99,True	
"TRANSPORTATION PLANNER IV",147801.98,120210.22,True	
"TRANSPORTATION SAFETY SPECIALIST",119137.93,111814.24,True	
"TREE TOPPER SUPERVISOR I",84225.08,81780.97,False	
"TRUCK DRIVER",92079.28,85370.27,True	
"UNDERSHERIFF",61203.19,164576.17,False	
"UNIT CLERK",75029.50,74882.67,False	
"URBAN FORESTRY INSPECTOR",68952.87,31597.24,True	
"UTILITY ANALYST",90377.27,83081.00,True	
"UTILITY PLUMBER",124720.78,104966.26,True	
"UTILITY PLUMBER APPRENTICE",115443.77,128257.73,False	
"UTILITY SPECIALIST",138778.00,128131.04,True	
"VENDOR",28106.31,34670.91,False	
"VICTIM/WITNESS INVESTIGATOR 1",83820.18,82155.56,False	
"VICTIM/WITNESS INVESTIGATOR 2",103193.38,99230.59,False	
"VICTIM/WITNESS INVESTIGATOR 3",104312.34,115131.86,False	
"VICTIM/WITNESS INVESTIGATOR I",58350.87,56861.62,False	
"VICTIM/WITNESS INVESTIGATOR II",67409.12,63536.17,False	
"VICTIM/WITNESS INVESTIGATOR III",78456.08,77777.68,False	
"VOLUNTEER/OUTREACH COORD",80463.11,82012.35,False	
"VOLUNTEER/OUTREACH COORDINATOR",62975.95,57857.96,True	
"WASTEWATER CONTROL INSPECTOR",108179.12,109152.34,False	
"WATER CONSERVATION ADMIN",166866.82,156128.18,True	
"WATER CONSERVATION ADMINISTRATOR",98878.50,101117.52,False	
"WATER OPERATIONS ANALYST",131275.70,130313.80,False	
"WATER QUALITY TECH III",114268.32,78520.05,True	
"WATER QUALITY TECHNICIAN",95813.30,96108.39,False	
"WATER QUALITY TECHNICIAN I/II",66654.66,58209.84,True	
"WATER QUALITY TECHNICIAN III",65626.24,53559.06,True	
"WATER QUALITYTECH I/II",99833.40,93440.52,True	
"WATER SERVICE INSPECTOR",114783.86,114556.94,False	
"WATERSHED KEEPER",89143.63,79646.11,True	
"WATERSHED WORKER (SEASONAL)",15149.20,10951.65,False	
"WELDER",120707.01,106757.49,True	
"WELFARE FRAUD INVESTIGATOR",100711.21,119114.47,False	
"WHARFINGER 2",112010.09,109943.25,False	
"WINDOW CLEANER",87636.35,78812.51,True	
"WORKER'S COMP SUPERVISOR 1",68546.60,118539.45,False	
"WORKER'S COMPENSATION ADJUSTER",98366.06,96214.89,False	
"WORKER'S COMPENSATION SUPERVISOR I",92833.54,90567.52,False	
"X-RAY LABORATORY AIDE",74140.28,56659.24,True	
